"ecg_id","patient_id","age","sex","height","weight","nurse","site","device","recording_date","report","scp_codes","heart_axis","infarction_stadium1","infarction_stadium2","validated_by","second_opinion","initial_autogenerated_report","validated_by_human","baseline_drift","static_noise","burst_noise","electrodes_problems","extra_beats","pacemaker","strat_fold","filename_lr","filename_hr"
1,15709,56,1,NA,63,2,0,"CS-12   E","1984-11-09 09:17:34","sinusrhythmus periphere niederspannung","{'NORM': 100.0, 'LVOLT': 0.0, 'SR': 0.0}","","","",NA,"False","False","True",""," , I-V1,  ","","","","",3,"records100/00000/00001_lr","records500/00000/00001_hr"
2,13243,19,0,NA,70,2,0,"CS-12   E","1984-11-14 12:55:37","sinusbradykardie sonst normales ekg","{'NORM': 80.0, 'SBRAD': 0.0}","","","",NA,"False","False","True","","","","","","",2,"records100/00000/00002_lr","records500/00000/00002_hr"
3,20372,37,1,NA,69,2,0,"CS-12   E","1984-11-15 12:49:10","sinusrhythmus normales ekg","{'NORM': 100.0, 'SR': 0.0}","","","",NA,"False","False","True","","","","","","",5,"records100/00000/00003_lr","records500/00000/00003_hr"
4,17014,24,0,NA,82,2,0,"CS-12   E","1984-11-15 13:44:57","sinusrhythmus normales ekg","{'NORM': 100.0, 'SR': 0.0}","","","",NA,"False","False","True"," , II,III,AVF","","","","","",3,"records100/00000/00004_lr","records500/00000/00004_hr"
5,17448,19,1,NA,70,2,0,"CS-12   E","1984-11-17 10:43:15","sinusrhythmus normales ekg","{'NORM': 100.0, 'SR': 0.0}","","","",NA,"False","False","True"," , III,AVR,AVF","","","","","",4,"records100/00000/00005_lr","records500/00000/00005_hr"
6,19005,18,1,NA,58,2,0,"CS-12   E","1984-11-28 13:32:13","sinusrhythmus normales ekg","{'NORM': 100.0, 'SR': 0.0}","","","",NA,"False","False","True"," , V1","","","","","",4,"records100/00000/00006_lr","records500/00000/00006_hr"
7,16193,54,0,NA,83,2,0,"CS-12   E","1984-11-28 13:32:22","sinusrhythmus linkstyp t abnormal, wahrscheinlich    inferiorer myokardschaden qt-verlÄngerung","{'NORM': 100.0, 'SR': 0.0}","LAD","","",NA,"False","False","True","","","","","","",7,"records100/00000/00007_lr","records500/00000/00007_hr"
8,11275,48,0,NA,95,2,0,"CS-12   E","1984-12-01 14:49:52","sinusrhythmus linkstyp qrs(t) abnormal    inferiorer infarkt     alter unbest.","{'IMI': 35.0, 'ABQRS': 0.0, 'SR': 0.0}","LAD","unknown","",NA,"False","False","True"," , II,AVF"," , I-AVF,  ","","","","",9,"records100/00000/00008_lr","records500/00000/00008_hr"
9,18792,55,0,NA,70,2,0,"CS-12   E","1984-12-08 09:44:43","sinusrhythmus normales ekg","{'NORM': 100.0, 'SR': 0.0}","","","",NA,"False","False","True",""," , I-AVR,  ","","","","",10,"records100/00000/00009_lr","records500/00000/00009_hr"
10,9456,22,1,NA,56,2,0,"CS-12   E","1984-12-12 14:12:46","sinusrhythmus normales ekg","{'NORM': 100.0, 'SR': 0.0}","","","",NA,"False","False","True","","","","","","",9,"records100/00000/00010_lr","records500/00000/00010_hr"
11,11243,20,1,NA,57,2,0,"CS-12   E","1984-12-16 14:20:39","sinus arrhythmie sonst normales ekg","{'NORM': 80.0, 'SARRH': 0.0}","","","",NA,"False","False","True"," , II-AVL,AVF"," , I-AVL,  ","","","","",5,"records100/00000/00011_lr","records500/00000/00011_hr"
12,11031,43,1,NA,44,2,0,"CS-12   E","1984-12-21 08:02:26","sinusbradykardie sonst normales ekg","{'NORM': 80.0, 'SBRAD': 0.0}","","","",NA,"False","False","True","","","","","","",8,"records100/00000/00012_lr","records500/00000/00012_hr"
13,19953,58,1,NA,54,2,0,"CS-12   E","1985-01-05 12:13:05","sinusrhythmus normales ekg","{'NORM': 100.0, 'SR': 0.0}","","","",NA,"False","False","True",""," , I-AVR,  ","","","","",2,"records100/00000/00013_lr","records500/00000/00013_hr"
14,12925,19,1,NA,58,2,0,"CS-12   E","1985-01-10 11:45:19","sinusrhythmus normales ekg","{'NORM': 100.0, 'SR': 0.0}","","","",NA,"False","False","True","","","","","","",7,"records100/00000/00014_lr","records500/00000/00014_hr"
15,13375,17,1,NA,67,2,0,"CS-12   E","1985-01-12 10:39:41","sinus arrhythmie sonst normales ekg","{'NORM': 100.0, 'SARRH': 0.0}","","","",NA,"False","False","True",""," , I-AVR,  ","","","1ES","",3,"records100/00000/00015_lr","records500/00000/00015_hr"
16,10999,49,0,NA,79,2,0,"CS-12   E","1985-01-16 08:27:38","sinusrhythmus normales ekg","{'NORM': 100.0, 'SR': 0.0}","","","",NA,"False","False","True"," , V1","","","","","",6,"records100/00000/00016_lr","records500/00000/00016_hr"
17,13619,56,0,NA,NA,2,0,"CS-12   E","1985-01-20 14:25:25","vorhof:hf  280 tachykardes vorhofflimmern ueberdrehter linkstyp qrs(t) abnormal    inferiorer infarkt     alter unbest.","{'AFLT': 100.0, 'ABQRS': 0.0, 'AFIB': 0.0}","ALAD","unknown","",1,"False","False","True",""," , alles,  ","","","","",9,"records100/00000/00017_lr","records500/00000/00017_hr"
18,13619,56,0,NA,NA,2,0,"CS-12   E","1985-01-20 15:17:24","vorhofflattern 2:1 Überleitung,jetzt nach isoptin 2amp+ 1 amp digitalis teilweise 3:1 .vorhof:ca. hf:265 linkstyp st-senkung ii  iii avf  v4-v6  bei tachycardie","{'AFLT': 100.0}","LAD","","",1,"False","False","True",""," , alles,  ","","","","",9,"records100/00000/00018_lr","records500/00000/00018_hr"
19,11116,20,0,NA,85,2,0,"CS-12   E","1985-01-23 11:23:00","sinusrhythmus p-verbreiterung","{'NORM': 100.0, 'SR': 0.0}","","","",NA,"False","False","True","","","","","","",7,"records100/00000/00019_lr","records500/00000/00019_hr"
20,13619,56,0,NA,NA,2,0,"CS-12   E","1985-01-23 12:55:32","supraventrikulÄre ersatzsystole(n) interponierte supraventrikulÄre extrasystole(n) supraventrikulÄre tachykardie linkstyp rechtsschenkelblock qrs(t) abnormal    inferiorer infarkt     alter unbest.","{'AFLT': 100.0, 'ABQRS': 0.0}","LAD","unknown","",NA,"False","False","True","","","","","VES","",9,"records100/00000/00020_lr","records500/00000/00020_hr"
21,17102,19,1,NA,58,2,0,"CS-12   E","1985-01-25 10:31:52","sinusrhythmus normales ekg","{'NORM': 100.0, 'SR': 0.0}","","","",NA,"False","False","True","","","","","","",6,"records100/00000/00021_lr","records500/00000/00021_hr"
22,20978,17,1,NA,53,2,0,"CS-12   E","1985-01-25 12:33:18","sinusrhythmus linkstyp unspezifisches abnormales t","{'NDT': 100.0, 'SR': 0.0}","LAD","","",NA,"False","False","True","","","","","","",4,"records100/00000/00022_lr","records500/00000/00022_hr"
23,13619,56,0,NA,NA,2,0,"CS-12   E","1985-01-25 12:49:40","2:1 Überleitung bei vorhofflattern,jetzt unter 3x1  cordichin + 1x1 novodigal 0,2 etwas langsamer hf von 140 auf 128,sonst unverÄndert.","{'AFLT': 100.0}","","","",1,"False","False","True","","","","","","",9,"records100/00000/00023_lr","records500/00000/00023_hr"
24,9012,41,0,NA,69,2,0,"CS-12   E","1985-01-26 10:15:03","sinusrhythmus normales ekg","{'NORM': 100.0, 'SR': 0.0}","","","",NA,"False","False","True","","","","","","",3,"records100/00000/00024_lr","records500/00000/00024_hr"
25,10962,19,1,NA,64,2,0,"CS-12   E","1985-01-26 11:15:05","sinusrhythmus normales ekg","{'NORM': 100.0, 'SR': 0.0}","","","",NA,"False","False","True"," , V3"," , I-AVF,  ","","","","",4,"records100/00000/00025_lr","records500/00000/00025_hr"
26,13619,56,0,NA,NA,2,0,"CS-12   E","1985-01-27 12:45:19","sinusrhythmus verdacht auf p-sinistrocardiale linkstyp unspezifisches abnormales t qt-verlÄngerung zweiter tag 3x2 cordichin erfolgreiche cardioversion von vorhofflattern (novodigal 0,2 1x1)","{'NST_': 100.0, 'DIG': 100.0, 'SR': 0.0}","LAD","","",1,"False","False","True",""," , I-V2,  ","","","1ES","",9,"records100/00000/00026_lr","records500/00000/00026_hr"
27,10316,56,0,NA,87,2,0,"CS-12   E","1985-01-30 07:02:34","sinusrhythmus linkstyp sonst normales ekg","{'NORM': 80.0, 'SR': 0.0}","LAD","","",NA,"False","False","True","","","","","","",6,"records100/00000/00027_lr","records500/00000/00027_hr"
28,13619,56,0,NA,NA,2,0,"CS-12   E","1985-02-01 12:58:55","sinusrhythmus verdacht auf p-sinistrocardiale linkstyp unspezifisches abnormales t qt-verlÄngerung sr unter 3x1 cordichin stabil. novodigal 0.2 1x1 ass 100  1x1 tromcardin 1x2 neu:1/2 tensobon 25 fÜr  rr","{'NST_': 100.0, 'DIG': 100.0, 'SR': 0.0}","LAD","","",1,"False","False","True","","","","","","",9,"records100/00000/00028_lr","records500/00000/00028_hr"
29,14340,18,1,NA,47,2,0,"CS-12   E","1985-02-01 14:33:55","sinusrhythmus normales ekg","{'NORM': 100.0, 'SR': 0.0}","","","",NA,"False","False","True","","","","","","",4,"records100/00000/00029_lr","records500/00000/00029_hr"
30,19053,25,0,NA,83,2,0,"CS-12   E","1985-02-02 09:30:29","sinusrhythmus unspezifischer intraventrikulÄrer block linkshypertrophie","{'LVH': 100.0, 'SR': 0.0}","","","",NA,"False","False","True"," , II-AVL,AVF","","","","","",9,"records100/00000/00030_lr","records500/00000/00030_hr"
31,15348,24,1,NA,58,2,0,"CS-12   E","1985-02-03 13:06:23","sinusrhythmus normales ekg","{'NORM': 100.0, 'SR': 0.0}","","","",NA,"False","False","True","","","","","","",6,"records100/00000/00031_lr","records500/00000/00031_hr"
32,11154,18,0,NA,56,2,0,"CS-12   E","1985-02-07 10:38:43","sinusrhythmus rechtstyp linksposteriorer hemiblock","{'LPFB': 100.0, 'SR': 0.0}","RAD","","",NA,"False","False","True"," , III","","","","","",1,"records100/00000/00032_lr","records500/00000/00032_hr"
33,20527,49,1,NA,58,2,0,"CS-12   E","1985-02-09 10:51:08","sinusrhythmus normales ekg","{'NORM': 100.0, 'SR': 0.0}","","","",NA,"False","False","True","","","","","","",3,"records100/00000/00033_lr","records500/00000/00033_hr"
34,13619,56,0,NA,NA,2,0,"CS-12   E","1985-02-10 12:04:03","erneut vorhofflattern unter 3x1 cordichin ,1x0,2 novod. und neu 1x1/2 tensobon 25 mg (danach anamnestisch  kurzer schweiáausbruch ,langsamer puls--seither wider hoher puls um 125! dh. umgesprungen. q","{'AFLT': 100.0}","","","",1,"False","False","True",""," , alles,  ","","","","",9,"records100/00000/00034_lr","records500/00000/00034_hr"
35,15539,20,0,NA,81,2,0,"CS-12   E","1985-02-13 11:54:06","sinusrhythmus normales ekg","{'NORM': 100.0, 'SR': 0.0}","","","",NA,"False","False","True","","","","","","",1,"records100/00000/00035_lr","records500/00000/00035_hr"
36,8787,55,0,NA,83,2,0,"CS-12   E","1985-02-14 07:08:36","sinusrhythmus normales ekg","{'NORM': 100.0, 'SR': 0.0}","","","",NA,"False","False","True",""," , I-AVR,  ","","","","",1,"records100/00000/00036_lr","records500/00000/00036_hr"
37,9123,25,1,NA,62,2,0,"CS-12   E","1985-02-15 08:55:56","sinus arrhythmie sonst normales ekg","{'NORM': 80.0, 'SARRH': 0.0}","","","",NA,"False","False","True","","","","","","",1,"records100/00000/00037_lr","records500/00000/00037_hr"
38,17076,40,0,NA,72,2,0,"CS-12   E","1985-02-15 11:48:22","sinusrhythmus schwierig bestimmbare qrs-achse","{'NORM': 100.0, 'SR': 0.0}","","","",NA,"False","False","True",""," , alles,  ","V5","","","",10,"records100/00000/00038_lr","records500/00000/00038_hr"
39,13619,56,0,NA,NA,2,0,"CS-12   E","1985-02-16 12:54:01","sinusrhythmus linkstyp qrs(t) abnormal    inferiorer myokardschaden nicht auszuschliessen qt-verlÄngerung cordichin: 2-1-1 jetzt konstant sinusrhythmus g novodigal 0,2  1x1 tensobon :12,5 mg (chnidinspiegel:3,4(2,0-5,0),digoxinspiegel:0,62(0,5-2) 2x unter","{'IMI': 15.0, 'LNGQT': 100.0, 'NST_': 100.0, 'DIG': 100.0, 'ABQRS': 0.0, 'SR': 0.0}","LAD","unknown","",1,"False","False","True","","","","","","",9,"records100/00000/00039_lr","records500/00000/00039_hr"
40,19501,60,0,NA,85,2,0,"CS-12   E","1985-02-20 11:43:45","sinusrhythmus linkstyp sonst normales ekg","{'NORM': 80.0, 'SR': 0.0}","LAD","","",NA,"False","False","True","","","","","","",10,"records100/00000/00040_lr","records500/00000/00040_hr"
41,8420,42,0,NA,65,2,0,"CS-12   E","1985-03-08 08:10:50","sinusrhythmus ueberdrehter linkstyp linksanteriorer hemiblock","{'LAFB': 100.0, 'SR': 0.0}","ALAD","","",NA,"False","False","True","","","","","","",9,"records100/00000/00041_lr","records500/00000/00041_hr"
42,8039,28,1,NA,48,2,0,"CS-12   E","1985-03-09 11:41:55","sinusrhythmus normales ekg","{'NORM': 100.0, 'SR': 0.0}","","","",NA,"False","False","True","","","","","","",6,"records100/00000/00042_lr","records500/00000/00042_hr"
43,11315,25,1,NA,63,2,0,"CS-12   E","1985-03-14 09:38:53","sinusrhythmus normales ekg","{'NORM': 100.0, 'SR': 0.0}","","","",NA,"False","False","True","","","","","","",8,"records100/00000/00043_lr","records500/00000/00043_hr"
44,19571,45,1,NA,NA,2,0,"CS-12   E","1985-03-14 13:06:52","sinusrhythmus periphere niederspannung","{'NORM': 100.0, 'SR': 0.0}","","","",NA,"False","False","True","","","","","","",4,"records100/00000/00044_lr","records500/00000/00044_hr"
45,18794,51,0,NA,106,2,0,"CS-12   E","1985-03-21 15:21:20","sinusrhythmus unvollstÄndiger rechtsschenkelblock sonst normales ekg","{'IRBBB': 100.0, 'RAO/RAE': 50.0, 'RVH': 35.0, 'SR': 0.0}","","","",NA,"False","False","True",""," , I-AVR,  ","","","","",1,"records100/00000/00045_lr","records500/00000/00045_hr"
46,13180,40,0,NA,92,2,0,"CS-12   E","1985-03-22 06:55:33","sinusrhythmus normales ekg","{'NORM': 100.0, 'SR': 0.0}","","","",NA,"False","False","True","","","","","","",2,"records100/00000/00046_lr","records500/00000/00046_hr"
47,8295,41,0,NA,62,2,0,"CS-12   E","1985-03-22 15:04:54","sinusrhythmus normales ekg","{'NORM': 100.0, 'SR': 0.0}","","","",NA,"False","False","True",""," , I-V1,  ","","","","",9,"records100/00000/00047_lr","records500/00000/00047_hr"
48,13672,23,1,NA,63,2,0,"CS-12   E","1985-04-10 08:48:08","sinusrhythmus unspezifisches abnormales t","{'NDT': 100.0, 'SR': 0.0}","","","",NA,"False","False","True"," , V6"," , alles,  ","","","","",9,"records100/00000/00048_lr","records500/00000/00048_hr"
49,13958,23,0,NA,76,2,0,"CS-12   E","1985-04-24 07:20:19","sinusrhythmus rechtstyp unspezifische intraventrikulÄre leitungsstÖrung","{'IVCD': 100.0, 'SR': 0.0}","RAD","","",NA,"False","False","True"," , AVF"," , I-V2,  ","","","","",9,"records100/00000/00049_lr","records500/00000/00049_hr"
50,16961,59,1,NA,64,2,0,"CS-12   E","1985-05-09 12:01:24","sinusrhythmus p-verbreiterung linkstyp t abnormal, wahrscheinlich    inferiorer myokardschaden","{'LMI': 15.0, 'IVCD': 100.0, 'SR': 0.0}","LAD","unknown","",NA,"False","False","True"," , II-AVF,V5,V6","","","","","",7,"records100/00000/00050_lr","records500/00000/00050_hr"
51,16750,37,1,NA,63,2,0,"CS-12   E","1985-05-11 11:18:21","sinusrhythmus normales ekg","{'NORM': 100.0, 'SR': 0.0}","","","",NA,"False","False","True",""," , I-AVR,  ","","","","",9,"records100/00000/00051_lr","records500/00000/00051_hr"
52,18153,35,0,NA,82,2,0,"CS-12   E","1985-05-18 08:15:54","sinusrhythmus unvollstÄndiger rechtsschenkelblock mÄssige amplitudenkriterien f#r linkshypertrophie","{'IRBBB': 100.0, 'SR': 0.0}","","","",NA,"False","False","True","","","","","","",1,"records100/00000/00052_lr","records500/00000/00052_hr"
53,21409,30,1,NA,62,2,0,"CS-12   E","1985-05-23 09:51:19","sinusrhythmus normales ekg","{'NORM': 100.0, 'SR': 0.0}","","","",NA,"False","False","True","","","","","","",8,"records100/00000/00053_lr","records500/00000/00053_hr"
54,16751,55,0,NA,NA,2,0,"CS-12   E","1985-05-26 10:04:31","sinusrhythmus unspezifisches abnormales t","{'NDT': 100.0, 'SR': 0.0}","","","",NA,"False","False","True","","","","","","",5,"records100/00000/00054_lr","records500/00000/00054_hr"
55,20191,29,1,NA,62,2,0,"CS-12   E","1985-06-01 09:39:40","sinusrhythmus normales ekg","{'NORM': 100.0, 'SR': 0.0}","","","",NA,"False","False","True","","","","","","",2,"records100/00000/00055_lr","records500/00000/00055_hr"
56,20191,29,1,NA,62,2,0,"CS-12   E","1985-06-01 10:09:27","sinusrhythmus normales ekg","{'NORM': 100.0, 'SR': 0.0}","","","",NA,"False","False","True",""," , I-AVF,  ","","","","",2,"records100/00000/00056_lr","records500/00000/00056_hr"
57,16063,26,0,NA,93,2,0,"CS-12   E","1985-06-06 11:32:43","sinusrhythmus normales ekg","{'NORM': 100.0, 'SR': 0.0}","","","",NA,"False","False","True","","","","","","",10,"records100/00000/00057_lr","records500/00000/00057_hr"
58,19424,22,1,NA,60,2,0,"CS-12   E","1985-06-08 14:44:25","sinusrhythmus normales ekg","{'NORM': 100.0, 'SR': 0.0}","","","",NA,"False","False","True",""," , I-V1,  ","","","","",2,"records100/00000/00058_lr","records500/00000/00058_hr"
59,19475,54,0,NA,67,2,0,"CS-12   E","1985-06-12 06:36:01","sinusrhythmus normales ekg","{'NORM': 100.0, 'SR': 0.0}","","","",NA,"False","False","True"," , V1"," , V1,  ","","","","",10,"records100/00000/00059_lr","records500/00000/00059_hr"
60,15065,55,0,NA,80,2,0,"CS-12   E","1985-06-13 09:54:24","sinusrhythmus linkstyp sonst normales ekg","{'NORM': 80.0, 'SR': 0.0}","LAD","","",NA,"False","False","True","","","","","","",1,"records100/00000/00060_lr","records500/00000/00060_hr"
61,14660,25,0,NA,70,2,0,"CS-12   E","1985-06-19 09:55:04","sinusrhythmus normales ekg","{'NORM': 100.0, 'SR': 0.0}","","","",NA,"False","False","True","","","","","","",6,"records100/00000/00061_lr","records500/00000/00061_hr"
62,21273,44,1,NA,68,2,0,"CS-12   E","1985-06-26 07:13:02","sinusrhythmus qrs(t) abnormal    anterolateraler infarkt mÖglich","{'NORM': 100.0, 'ABQRS': 0.0, 'SR': 0.0}","","unknown","",NA,"False","False","True","","","","","","",9,"records100/00000/00062_lr","records500/00000/00062_hr"
63,15265,30,0,NA,78,2,0,"CS-12   E","1985-07-03 09:27:10","sinusrhythmus qrs(t) abnormal    anteroseptaler myokardschaden nicht auszuschliessen","{'ASMI': 15.0, 'ABQRS': 0.0, 'SR': 0.0}","","unknown","",NA,"False","False","True",""," , I-V1,  ","","","","",10,"records100/00000/00063_lr","records500/00000/00063_hr"
64,12864,31,0,NA,NA,2,0,"CS-12   E","1985-07-03 13:22:51","sinusrhythmus linkstyp sonst normales ekg","{'NORM': 80.0, 'SR': 0.0}","LAD","","",NA,"False","False","True","","","","","","",3,"records100/00000/00064_lr","records500/00000/00064_hr"
65,19170,62,0,NA,61,2,0,"CS-12   E","1985-07-06 08:31:06","sinusrhythmus r-s #bergang in v ableitungen nach rechts verschoben unvollstÄndiger rechtsschenkelblock sonst normales ekg","{'IRBBB': 100.0, 'SR': 0.0}","","","",NA,"False","False","True","","","","","","",10,"records100/00000/00065_lr","records500/00000/00065_hr"
66,11352,23,1,NA,49,2,0,"CS-12   E","1985-07-17 14:24:06","sinusrhythmus normales ekg","{'NORM': 100.0, 'SR': 0.0}","","","",NA,"False","False","True","","","","","","",5,"records100/00000/00066_lr","records500/00000/00066_hr"
67,8520,18,1,NA,56,2,0,"CS-12   E","1985-07-18 14:49:17","sinusrhythmus normales ekg","{'NORM': 100.0, 'SR': 0.0}","","","",NA,"False","False","True","","","","","","",4,"records100/00000/00067_lr","records500/00000/00067_hr"
68,14101,48,1,NA,92,0,0,"CS-12   E","1985-07-25 07:04:29","sinusrhythmus linkstyp sonst normales ekg","{'NORM': 80.0, 'SR': 0.0}","LAD","","",NA,"False","False","True",""," , alles,  ","","","","",7,"records100/00000/00068_lr","records500/00000/00068_hr"
69,8339,20,1,NA,59,0,0,"CS-12   E","1985-07-27 07:36:36","sinusbradykardie unspezifisches abnormales t","{'NORM': 100.0, 'SBRAD': 0.0}","","","",NA,"False","False","True"," , III,AVF","","","","","",9,"records100/00000/00069_lr","records500/00000/00069_hr"
70,19173,21,1,NA,50,0,0,"CS-12   E","1985-07-31 15:51:32","sinusrhythmus normales ekg","{'NORM': 100.0, 'SR': 0.0}","","","",NA,"False","False","True","","","","","","",6,"records100/00000/00070_lr","records500/00000/00070_hr"
71,15551,49,0,NA,94,0,0,"CS-12   E","1985-08-01 09:58:57","sinusrhythmus normales ekg ergo:  225 watt  ob  insbes. kein neg  t Über der brustwand.","{'NORM': 100.0, 'SR': 0.0}","","","",1,"False","False","True","","","","","","",8,"records100/00000/00071_lr","records500/00000/00071_hr"
72,14060,40,1,NA,60,0,0,"CS-12   E","1985-08-30 12:09:17","sinusrhythmus rechtstyp qrs(t) abnormal    septaler infarkt nicht auszuschliessen","{'NORM': 100.0, 'ABQRS': 0.0, 'SR': 0.0}","RAD","unknown","",NA,"False","False","True"," , II-AVF"," , I-AVR,  ","","","","",9,"records100/00000/00072_lr","records500/00000/00072_hr"
73,19987,43,0,NA,84,0,0,"CS-12   E","1985-09-04 12:23:16","sinusrhythmus ueberdrehter linkstyp qrs(t) abnormal    anterolateraler infarkt mÖglich","{'NORM': 100.0, 'ABQRS': 0.0, 'SR': 0.0}","ALAD","unknown","",NA,"False","False","True","","","","","","",5,"records100/00000/00073_lr","records500/00000/00073_hr"
74,11671,23,1,NA,63,0,0,"CS-12   E","1985-09-13 05:44:03","sinusrhythmus normales ekg","{'NORM': 100.0, 'SR': 0.0}","","","",NA,"False","False","True","","","","","","",8,"records100/00000/00074_lr","records500/00000/00074_hr"
75,18502,31,0,NA,58,0,0,"CS-12   E","1985-09-14 07:10:53","sinusrhythmus normales ekg","{'NORM': 100.0, 'SR': 0.0}","","","",NA,"False","False","True",""," , alles,  ","","","1ES","",10,"records100/00000/00075_lr","records500/00000/00075_hr"
76,21214,38,1,NA,75,0,0,"CS-12   E","1985-09-21 11:04:47","sinus arrhythmie linkstyp sonst normales ekg","{'NORM': 80.0, 'SARRH': 0.0}","LAD","","",NA,"False","False","True",""," , I-AVL,  ","","","","",10,"records100/00000/00076_lr","records500/00000/00076_hr"
77,8555,43,0,NA,63,0,0,"CS-12   E","1985-09-27 09:55:22","sinusrhythmus unvollstÄndiger rechtsschenkelblock","{'AMI': 50.0, 'IRBBB': 100.0, 'SR': 0.0}","","unknown","",NA,"False","False","True","","","","","","",6,"records100/00000/00077_lr","records500/00000/00077_hr"
78,14356,27,0,NA,81,0,0,"CS-12   E","1985-10-10 07:27:12","sinusbradykardie sonst normales ekg","{'NORM': 80.0, 'SBRAD': 0.0}","","","",NA,"False","False","True","","","","","","",2,"records100/00000/00078_lr","records500/00000/00078_hr"
79,17529,47,0,NA,85,0,0,"CS-12   E","1985-10-11 11:36:56","sinusrhythmus normales ekg","{'NORM': 100.0, 'SR': 0.0}","","","",NA,"False","False","True","","","","","","",10,"records100/00000/00079_lr","records500/00000/00079_hr"
80,9339,42,0,NA,72,0,0,"CS-12   E","1985-10-24 09:14:11","sinusrhythmus normales ekg","{'NORM': 100.0, 'SR': 0.0}","","","",NA,"False","False","True"," , alles","","","","","",2,"records100/00000/00080_lr","records500/00000/00080_hr"
81,20961,46,1,NA,47,0,0,"CS-12   E","1985-10-24 11:41:07","sinusrhythmus normales ekg","{'NORM': 100.0, 'SR': 0.0}","","","",NA,"False","False","True"," , III,V3,V6","","","","","",5,"records100/00000/00081_lr","records500/00000/00081_hr"
82,19645,51,1,NA,61,0,0,"CS-12   E","1985-10-25 07:50:38","sinusrhythmus normales ekg","{'NORM': 100.0, 'SR': 0.0}","","","",NA,"False","False","True"," , I-AVR"," , I-AVR,  ","","","","",1,"records100/00000/00082_lr","records500/00000/00082_hr"
83,11314,37,1,NA,56,0,0,"CS-12   E","1985-10-31 10:56:56","sinusrhythmus normales ekg","{'NORM': 100.0, 'SR': 0.0}","","","",NA,"False","False","True",""," , I-AVR,  ","","","","",4,"records100/00000/00083_lr","records500/00000/00083_hr"
84,19197,20,1,NA,52,0,0,"CS-12   E","1985-11-03 11:20:31","sinusrhythmus normales ekg","{'NORM': 100.0, 'SR': 0.0}","","","",NA,"False","False","True","","","","","","",2,"records100/00000/00084_lr","records500/00000/00084_hr"
85,15904,17,0,NA,62,2,0,"CS-12   E","1985-11-09 09:08:50","sinusrhythmus normales ekg","{'NORM': 100.0, 'SR': 0.0}","","","",NA,"False","False","True","","","","","","",5,"records100/00000/00085_lr","records500/00000/00085_hr"
86,10366,50,1,NA,56,0,0,"CS-12   E","1985-11-13 10:16:27","sinusrhythmus normales ekg","{'NORM': 100.0, 'SR': 0.0}","","","",NA,"False","False","True","","","","","","",2,"records100/00000/00086_lr","records500/00000/00086_hr"
87,17293,19,0,NA,69,2,0,"CS-12   E","1985-11-15 10:45:32","sinusrhythmus unvollstÄndiger rechtsschenkelblock t abnormal, wahrscheinlich    inferiorer myokardschaden Edit: INJIN, IRBBB, (m,19) , (IRBBB, NDT)","{'NDT': 100.0, 'IRBBB': 100.0, 'SR': 0.0}","","","",NA,"True","False","True"," , II,III,AVF","","","","","",7,"records100/00000/00087_lr","records500/00000/00087_hr"
88,15275,26,0,NA,79,2,0,"CS-12   E","1985-11-16 09:21:31","sinusrhythmus normales ekg","{'NORM': 100.0, 'SR': 0.0}","","","",NA,"False","False","True","","","","","","",7,"records100/00000/00088_lr","records500/00000/00088_hr"
89,12531,49,0,NA,77,0,0,"CS-12   E","1985-11-20 09:07:11","sinusrhythmus normales ekg","{'NORM': 100.0, 'SR': 0.0}","","","",NA,"False","False","True","","","","","","",4,"records100/00000/00089_lr","records500/00000/00089_hr"
90,8418,18,0,NA,61,2,0,"CS-12   E","1985-11-22 14:16:21","sinusrhythmus normales ekg","{'NORM': 100.0, 'SR': 0.0}","","","",NA,"False","False","True",""," , I-AVR,  ","","","","",1,"records100/00000/00090_lr","records500/00000/00090_hr"
91,8305,46,1,NA,51,2,0,"CS-12   E","1985-11-24 10:57:03","sinusrhythmus normales ekg","{'NORM': 100.0, 'SR': 0.0}","","","",NA,"False","False","True",""," , I-AVR,  ","","","","",9,"records100/00000/00091_lr","records500/00000/00091_hr"
92,10239,43,1,NA,70,2,0,"CS-12   E","1985-11-28 11:20:13","sinusrhythmus normales ekg","{'NORM': 100.0, 'SR': 0.0}","","","",NA,"False","False","True",""," , I-AVR,  ","","","","",8,"records100/00000/00092_lr","records500/00000/00092_hr"
93,10029,47,0,NA,83,0,0,"CS-12   E","1985-11-29 09:48:37","sinusrhythmus normales ekg","{'NORM': 100.0, 'SR': 0.0}","","","",NA,"False","False","True"," , V6"," , I-AVR,  ","","","1ES","",10,"records100/00000/00093_lr","records500/00000/00093_hr"
94,21731,20,0,NA,68,0,0,"CS-12   E","1985-11-29 10:55:08","sinusrhythmus normales ekg","{'NORM': 100.0, 'SR': 0.0}","","","",NA,"False","False","True","","","","","","",9,"records100/00000/00094_lr","records500/00000/00094_hr"
95,9243,18,0,NA,63,0,0,"CS-12   E","1985-11-30 13:45:57","sinusrhythmus normales ekg","{'NORM': 100.0, 'SR': 0.0}","","","",NA,"False","False","True","","","","","","",5,"records100/00000/00095_lr","records500/00000/00095_hr"
96,21698,31,0,NA,62,2,0,"CS-12   E","1985-12-02 12:13:46","sinusrhythmus unspezifische intraventrikulÄre leitungsstÖrung linkshypertrophie","{'LVH': 100.0, 'SR': 0.0}","","","",NA,"False","False","True",""," , I-AVL,  ","","","1ES","",1,"records100/00000/00096_lr","records500/00000/00096_hr"
97,12761,51,0,NA,80,0,0,"CS-12   E","1985-12-04 10:25:43","sinusrhythmus linkstyp sonst normales ekg","{'NORM': 80.0, 'SR': 0.0}","LAD","","",NA,"False","False","True","","","","","","",6,"records100/00000/00097_lr","records500/00000/00097_hr"
98,10804,20,0,NA,85,0,0,"CS-12   E","1985-12-05 12:18:44","sinus arrhythmie verdacht auf p-sinistrocardiale","{'NORM': 100.0, 'SARRH': 0.0}","","","",NA,"False","False","True","","","","","","",8,"records100/00000/00098_lr","records500/00000/00098_hr"
99,18012,25,0,NA,60,2,0,"CS-12   E","1985-12-07 15:21:29","sinusrhythmus normales ekg","{'NORM': 100.0, 'SR': 0.0}","","","",NA,"False","False","True","","","","","","",4,"records100/00000/00099_lr","records500/00000/00099_hr"
100,21404,20,1,NA,69,2,0,"CS-12   E","1985-12-08 10:08:36","sinus arrhythmie linkstyp sonst normales ekg","{'NORM': 80.0, 'SARRH': 0.0}","LAD","","",NA,"False","False","True","","","I-V1","","","",10,"records100/00000/00100_lr","records500/00000/00100_hr"
